Title,Awards,Nominations
A Star Is Born,1,8
Bao,1,1
Black Panther,3,7
BlacKkKlansman,1,6
Bohemian Rhapsody,4,5
First Man,1,4
Free Solo,1,1
Green Book,3,5
If Beale Street Could Talk,1,3
Period. End of Sentence.,1,1
Roma,3,10
Skin,1,1
Spider-Man: Into the Spider-Verse,1,1
The Favourite,1,10
Vice,1,8
A Fantastic Woman,1,1
Blade Runner 2049,2,5
Call Me by Your Name,1,4
Coco,2,2
Darkest Hour,2,6
Dear Basketball,1,1
Dunkirk,3,8
Flesh and Sand (Carne y arena),0,0
Get Out,1,4
Heaven Is a Traffic Jam on the 405,1,1
"I, Tonya",1,3
Icarus,1,1
Phantom Thread,1,6
The Shape of Water,4,13
The Silent Child,1,1
"Three Billboards Outside Ebbing, Missouri",2,7
Arrival,1,8
Fantastic Beasts and Where to Find Them,1,2
Fences,1,4
Hacksaw Ridge,2,6
The Jungle Book,1,1
La La Land,6,14
Manchester by the Sea,2,6
Moonlight,3,8
O.J.: Made in America,1,1
Piper,1,1
Sing,1,1
Suicide Squad,1,1
The Salesman,1,1
The White Helmets,1,1
Zootopia,1,1
A Girl in the River: The Price of Forgiveness,1,1
Amy,1,1
Bear Story,1,1
Bridge of Spies,1,6
Ex Machina,1,2
Inside Out,1,2
Mad Max: Fury Road,6,10
Room,1,4
Son of Saul,1,1
Spectre,1,1
Spotlight,2,6
Stutterer,1,1
The Big Short,1,5
The Hateful Eight,1,3
The Revenant,3,12
American Sniper,1,6
Big Hero 6,1,1
Birdman,4,9
Boyhood,1,6
Citizenfour,1,1
Crisis Hotline: Veterans Press 1,1,1
Feast,1,1
Ida,1,2
Interstellar,1,5
Selma,1,2
Still Alice,1,1
The Grand Budapest Hotel,4,9
The Imitation Game,1,8
The Phone Call,1,1
The Theory of Everything,1,5
Whiplash,3,5
12 Years a Slave,3,9
20 Feet from Stardom,1,1
Blue Jasmine,1,3
Dallas Buyers Club,3,6
Frozen,2,2
Gravity,7,10
The Great Beauty,1,1
The Great Gatsby,2,2
Helium,1,1
Her,1,5
The Lady in Number 6,1,1
Mr Hublot,1,1
Amour,1,5
Anna Karenina,1,4
Argo,3,7
Brave,1,1
Curfew,1,1
Django Unchained,2,5
Inocente,1,1
Les Misérables,3,8
Life of Pi,4,11
Lincoln,2,12
Paperman,1,1
Searching for Sugar Man,1,1
Silver Linings Playbook,1,8
Skyfall,2,5
Zero Dark Thirty,1,5
A Separation,1,2
Beginners,1,1
The Fantastic Flying Books of Mr. Morris Lessmore,1,1
The Help,1,4
Hugo,5,11
Midnight in Paris,1,4
Rango,1,1
Saving Face,1,1
The Artist,5,10
The Descendants,1,5
The Girl with the Dragon Tattoo,1,5
The Iron Lady,2,2
The Muppets,1,1
The Shore,1,1
Undefeated,1,1
Alice in Wonderland,2,3
Black Swan,1,5
The Fighter,2,7
God of Love,1,1
In a Better World,1,1
Inception,4,8
Inside Job,1,1
The Lost Thing,1,1
The Social Network,3,8
Strangers No More,1,1
The King's Speech,4,12
Toy Story 3,2,5
The Wolfman,1,1
Avatar,3,9
The Blind Side,1,2
The Cove,1,1
Crazy Heart,2,3
The Hurt Locker,6,9
Inglourious Basterds,1,8
Logorama,1,1
Music by Prudence,1,1
The New Tenants,1,1
Precious,2,6
The Secret in Their Eyes,1,1
Star Trek,1,4
Up,2,5
The Young Victoria,1,3
The Curious Case of Benjamin Button,3,13
The Dark Knight,2,8
Departures,1,1
The Duchess,1,2
La Maison en Petits Cubes,1,1
Man on Wire,1,1
Milk,2,8
The Reader,1,5
Slumdog Millionaire,8,10
Smile Pinki,1,1
Toyland,1,1
Vicky Cristina Barcelona,1,1
WALL-E,1,6
Atonement,1,7
The Bourne Ultimatum,3,3
The Counterfeiters (Die Fälscher),1,1
Elizabeth: The Golden Age,1,2
Freeheld,1,1
The Golden Compass,1,2
Juno,1,4
Michael Clayton,1,7
Le Mozart des pickpockets,1,1
No Country for Old Men,4,8
Once,1,1
Peter & the Wolf,1,1
Ratatouille,1,5
Sweeney Todd: The Demon Barber of Fleet Street,1,3
Taxi to the Dark Side,1,1
There Will Be Blood,2,8
La Vie en rose,2,3
Babel,1,7
The Blood of Yingzhou District,1,1
The Danish Poet,1,1
The Departed,4,5
Dreamgirls,2,8
Happy Feet,1,1
An Inconvenient Truth,2,2
The Last King of Scotland,1,1
Letters from Iwo Jima,1,4
Little Miss Sunshine,2,4
The Lives of Others (Das Leben der Anderen),1,1
Marie Antoinette,1,1
Pan's Labyrinth (El laberinto del fauno),3,6
Pirates of the Caribbean: Dead Man's Chest,1,4
The Queen,1,6
West Bank Story,1,1
Brokeback Mountain,3,8
Capote,1,5
"The Chronicles of Narnia: The Lion, the Witch and the Wardrobe",1,3
The Constant Gardener,1,4
Crash,3,6
Hustle & Flow,1,2
King Kong,3,4
March of the Penguins (La Marche de l'empereur),1,1
Memoirs of a Geisha,3,6
The Moon and the Son: An Imagined Conversation,1,1
A Note of Triumph: The Golden Age of Norman Corwin,1,1
Six Shooter,1,1
Syriana,1,2
Tsotsi,1,1
Walk the Line,1,5
Wallace & Gromit: The Curse of the Were-Rabbit,1,1
The Aviator,5,11
Born into Brothels,1,1
Eternal Sunshine of the Spotless Mind,1,2
Finding Neverland,1,7
The Incredibles,2,4
Lemony Snicket's A Series of Unfortunate Events,1,4
Mighty Times: The Children's March,1,1
Million Dollar Baby,4,7
The Motorcycle Diaries,1,2
Ray,2,6
Ryan,1,1
The Sea Inside,1,2
Sideways,1,5
Spider-Man 2,1,3
Wasp,1,1
The Barbarian Invasions,1,2
Chernobyl Heart,1,1
Cold Mountain,1,7
Finding Nemo,1,4
Harvie Krumpet,1,1
The Lord of the Rings: The Return of the King,11,11
Lost in Translation,1,4
Master and Commander: The Far Side of the World,2,10
Monster,1,1
Mystic River,2,6
Two Soldiers,1,1
8 Mile,1,1
Adaptation,1,4
Bowling for Columbine,1,1
Chicago,6,13
The ChubbChubbs!,1,1
The Fog of War,1,1
Frida,2,6
The Hours,1,9
The Lord of the Rings: The Two Towers,2,6
Nowhere in Africa (Nirgendwo in Afrika),1,1
The Pianist,3,7
Road to Perdition,1,6
Spirited Away,1,1
Talk to Her (Hable con ella),1,2
This Charming Man (Der Er En Yndig Mand),1,1
Twin Towers,1,1
The Accountant,1,1
A Beautiful Mind,4,8
Black Hawk Down,2,4
For the Birds,1,1
Gosford Park,1,7
Iris,1,3
The Lord of the Rings: The Fellowship of the Ring,4,13
Monster's Ball,1,2
"Monsters, Inc.",1,4
Moulin Rouge!,2,8
Murder on a Sunday Morning (Un coupable idéal),1,1
No Man's Land,1,1
Pearl Harbor,1,4
Shrek,1,2
Thoth,1,1
Training Day,1,2
Almost Famous,1,4
Big Mama,1,1
"Crouching Tiger, Hidden Dragon",4,10
Erin Brockovich,1,5
Father and Daughter,1,1
Gladiator,5,12
How the Grinch Stole Christmas,1,3
Into the Arms of Strangers: Stories of the Kindertransport,1,1
Pollock,1,2
Quiero ser (I want to be...),1,1
Traffic,4,5
U-571,1,2
Wonder Boys,1,3
All About My Mother (Todo sobre mi madre),1,1
American Beauty,5,8
Boys Don't Cry,1,2
The Cider House Rules,2,7
"Girl, Interrupted",1,1
King Gimp,1,1
The Matrix,4,4
My Mother Dreams the Satan's Disciples in New York,1,1
The Old Man and the Sea,1,1
One Day in September,1,1
The Red Violin (Le violon rouge),1,1
Sleepy Hollow,1,3
Tarzan,1,1
Topsy-Turvy,2,4
Affliction,1,2
Bunny,1,1
Election Night (Valgaften),1,1
Elizabeth,1,7
Gods and Monsters,1,3
The Last Days,1,1
Life Is Beautiful (La vita è bella),3,7
The Prince of Egypt,1,2
Saving Private Ryan,5,11
Shakespeare in Love,7,13
The Personals,1,1
What Dreams May Come,1,2
As Good as It Gets,2,7
Character (Karakter),1,1
The Full Monty,1,4
Geri's Game,1,1
Good Will Hunting,2,9
L.A. Confidential,2,9
The Long Way Home,1,1
Men in Black,1,3
A Story of Healing,1,1
Titanic,11,14
Visas and Virtue,1,1
Breathing Lessons: The Life and Work of Mark O'Brien,1,1
Dear Diary,1,1
Emma,1,2
The English Patient,9,12
Evita,1,5
Fargo,2,7
The Ghost and the Darkness,1,1
Independence Day,1,2
Jerry Maguire,1,5
Kolya,1,1
The Nutty Professor,1,1
Quest,1,1
Shine,1,7
Sling Blade,1,2
When We Were Kings,1,1
Anne Frank Remembered,1,1
Antonia's Line (Antonia),1,1
Apollo 13,2,9
Babe,1,7
Braveheart,5,10
A Close Shave,1,1
Dead Man Walking,1,4
Il Postino: The Postman,1,5
Leaving Las Vegas,1,4
Lieberman in Love,1,1
Mighty Aphrodite,1,2
One Survivor Remembers,1,1
Pocahontas,2,2
Restoration,2,2
Sense and Sensibility,1,7
Toy Story,1,3
The Usual Suspects,2,2
"The Adventures of Priscilla, Queen of the Desert",1,1
Blue Sky,1,1
Bob's Birthday,1,1
Bullets over Broadway,1,7
Burnt by the Sun (Utomlyonnye solntsem),1,1
Ed Wood,2,2
Forrest Gump,6,13
Franz Kafka's It's a Wonderful Life,1,1
Legends of the Fall,1,3
The Lion King,2,4
The Madness of King George,1,4
Maya Lin: A Strong Clear Vision,1,1
Pulp Fiction,1,7
Speed,2,3
A Time for Justice,1,1
Trevor,1,1
The Age of Innocence,1,5
Belle Epoque (The Beautiful Era),1,1
Black Rider (Schwarzfahrer),1,1
Defending Our Lives,1,1
The Fugitive,1,7
I Am a Promise: The Children of Stanton Elementary School,1,1
Jurassic Park,3,3
Mrs. Doubtfire,1,1
Philadelphia,2,5
The Piano,3,8
Schindler's List,7,12
The Wrong Trousers,1,1
Aladdin,2,5
Bram Stoker's Dracula,3,4
The Crying Game,1,6
Death Becomes Her,1,1
Educating Peter,1,1
Howards End,3,9
Indochine,1,2
Mona Lisa Descending a Staircase,1,1
My Cousin Vinny,1,1
Omnibus,1,1
The Panama Deception,1,1
A River Runs Through It,1,3
Scent of a Woman,1,4
The Last of the Mohicans,1,1
Unforgiven,4,9
Beauty and the Beast,2,6
Bugsy,2,10
City Slickers,1,1
"Deadly Deception: General Electric, Nuclear Weapons and Our Environment",1,1
The Fisher King,1,5
In the Shadow of the Stars,1,1
JFK,2,8
Manipulation,1,1
Mediterraneo,1,1
Session Man,1,1
The Silence of the Lambs,5,7
Terminator 2: Judgment Day,4,6
Thelma & Louise,1,6
American Dream,1,1
Creature Comforts,1,1
Cyrano de Bergerac,1,5
Dances with Wolves,7,12
Days of Waiting,1,1
Dick Tracy,3,7
Ghost,2,5
Goodfellas,1,6
The Hunt for Red October,1,3
Journey of Hope (Reise der Hoffnung),1,1
The Lunch Date,1,1
Misery,1,1
Reversal of Fortune,1,3
Total Recall,1,2
The Abyss,1,4
Balance,1,1
Batman,1,1
Born on the Fourth of July,2,8
Cinema Paradiso,1,1
Common Threads: Stories from the Quilt,1,1
Dead Poets Society,1,4
Driving Miss Daisy,4,9
Glory,3,5
Henry V,1,3
Indiana Jones and the Last Crusade,1,3
The Johnstown Flood,1,1
The Little Mermaid,2,3
My Left Foot,2,5
Work Experience,1,1
The Accidental Tourist,1,4
The Accused,1,1
The Appointments of Dennis Jennings,1,1
Beetlejuice,1,1
Bird,1,1
Dangerous Liaisons,3,7
A Fish Called Wanda,1,3
Hôtel Terminus: The Life and Times of Klaus Barbie,1,1
The Milagro Beanfield War,1,1
Mississippi Burning,1,7
Pelle the Conqueror (Pelle erobreren),1,2
Rain Man,4,8
Tin Toy,1,1
Who Framed Roger Rabbit,4,6
Working Girl,1,6
You Don't Have to Die,1,1
Babette's Feast (Babettes gæstebud),1,1
Dirty Dancing,1,1
Harry and the Hendersons,1,1
Innerspace,1,1
The Last Emperor,9,9
The Man Who Planted Trees (L' Homme qui plantait des arbres),1,1
Moonstruck,3,6
Ray's Male Heterosexual Dance Hall,1,1
RoboCop,1,2
The Ten-Year Lunch,1,1
The Untouchables,1,4
Wall Street,1,1
Young at Heart,1,1
Aliens,2,7
Artie Shaw: Time Is All You've Got,1,1
The Assault (De Aanslag),1,1
Children of a Lesser God,1,5
The Color of Money,1,4
Down and Out in America,1,1
The Fly,1,1
A Greek Tragedy,1,1
Hannah and Her Sisters,3,7
The Mission,1,7
Platoon,4,8
Precious Images,1,1
A Room with a View,3,8
Round Midnight,1,2
Top Gun,1,4
"Women – for America, for the World",1,1
Anna & Bella,1,1
Back to the Future,1,4
Broken Rainbow,1,1
Cocoon,2,2
Kiss of the Spider Woman,1,4
Mask,1,1
Molly's Pilgrim,1,1
The Official Story (La Historia Oficial),1,2
Out of Africa,7,11
Prizzi's Honor,1,8
Ran,1,4
The Trip to Bountiful,1,2
White Nights,1,2
Witness,2,8
Witness to War: Dr. Charlie Clements,1,1
Amadeus,8,11
Charade,1,1
Dangerous Moves (La Diagonale du fou),1,1
Indiana Jones and the Temple of Doom,1,2
The Killing Fields,3,7
A Passage to India,2,11
Places in the Heart,2,7
Purple Rain,1,1
The River,1,4
The Stone Carvers,1,1
The Times of Harvey Milk,1,1
Up,1,1
The Woman in Red,1,1
Boys and Girls,1,1
Fanny & Alexander (Fanny och Alexander),4,6
Flamenco at 5:15,1,1
Flashdance,1,4
He Makes Me Feel Like Dancin',1,1
Return of the Jedi,1,4
The Right Stuff,4,8
Sundae in New York,1,1
Tender Mercies,2,5
Terms of Endearment,5,11
The Year of Living Dangerously,1,1
Yentl,1,5
E.T.: The Extra-Terrestrial,4,9
Gandhi,8,11
If You Love This Planet,1,1
Just Another Missing Kid,1,3
Missing,1,4
An Officer and a Gentleman,2,6
Quest for Fire,1,1
A Shocking Accident,1,1
Sophie's Choice,1,5
Tango,1,1
To Begin Again (Volver a empezar),1,1
Tootsie,1,10
Victor/Victoria,1,7
An American Werewolf in London,1,1
Arthur,2,4
Chariots of Fire,4,7
Close Harmony,1,1
Crac,1,1
Genocide,1,1
Mephisto,1,1
On Golden Pond,3,10
Raiders of the Lost Ark,5,8
Reds,3,12
Violet,1,1
Coal Miner's Daughter,1,7
The Dollar Bottom,1,1
The Empire Strikes Back,2,3
Fame,2,6
The Fly (A Légy),1,1
From Mao to Mozart: Isaac Stern in China,1,1
Karl Hess: Toward Liberty,1,1
Melvin and Howard,2,3
Moscow Does Not Believe in Tears,1,1
Ordinary People,4,6
Raging Bull,2,8
Tess,3,6
Alien,1,2
All That Jazz,4,9
Apocalypse Now,2,8
Being There,1,2
Best Boy,1,1
The Black Stallion,1,2
Board and Care,1,1
Breaking Away,1,5
Every Child,1,1
Kramer vs. Kramer,5,9
A Little Romance,1,2
Norma Rae,2,4
Paul Robeson: Tribute to an Artist,1,1
The Tin Drum (Die Blechtrommel),1,1
The Buddy Holly Story,1,3
California Suite,1,3
Coming Home,3,8
Days of Heaven,1,4
Death on the Nile,1,1
The Deer Hunter,5,9
The Flight of the Gossamer Condor,1,1
Get Out Your Handkerchiefs (Préparez vos mouchoirs),1,1
Heaven Can Wait,1,9
Midnight Express,2,6
Scared Straight!,1,1
Special Delivery,1,1
Superman,1,3
Teenage Father,1,1
Thank God It's Friday,1,1
Annie Hall,4,5
Close Encounters of the Third Kind,2,8
The Goodbye Girl,1,5
Gravity Is My Enemy,1,1
I'll Find a Way,1,1
Julia,3,11
A Little Night Music,1,2
Madame Rosa (La Vie devant soi),1,1
The Sand Castle (Le Château de sable),1,1
Star Wars,7,10
Who Are the DeBolts? And Where Did They Get Nineteen Kids?,1,1
You Light Up My Life,1,1
All the President's Men,4,8
Black and White in Color (Noirs et blancs en couleur),1,1
Bound for Glory,2,6
Fellini's Casanova (Il Casanova di Federico Fellini),1,2
"Harlan County, USA",1,1
In the Region of Ice,1,1
King Kong,1,2
Leisure,1,1
Logan's Run,1,2
Network,4,10
Number Our Days,1,1
The Omen,1,2
Rocky,3,10
A Star Is Born,1,4
Angel and Big Joe,1,1
Barry Lyndon,4,7
Dersu Uzala,1,1
Dog Day Afternoon,1,6
The End of the Game,1,1
Great (Great (Isambard Kingdom Brunel)),1,1
The Hindenburg,2,3
Jaws,3,4
The Man Who Skied Down Everest,1,1
Nashville,1,5
One Flew over the Cuckoo's Nest,5,9
Shampoo,1,4
The Sunshine Boys,1,4
Alice Doesn't Live Here Anymore,1,3
Amarcord,1,3
Chinatown,1,11
Closed Mondays,1,1
Don't,1,1
Earthquake,2,4
The Godfather Part II,6,11
The Great Gatsby,2,2
Harry and Tonto,1,2
Hearts and Minds,1,1
Murder on the Orient Express,1,6
"One-Eyed Men Are Kings (...borgnes sont rois, Les)",1,1
The Towering Inferno,3,8
The Bolero,1,1
Cries and Whispers (Viskningar och rop),1,5
Day for Night (La Nuit américaine),1,4
The Exorcist,2,10
Frank Film,1,1
The Great American Cowboy,1,1
The Paper Chase,1,3
Paper Moon,1,4
Princeton: A Search for Answers,1,1
Save the Tiger,1,3
The Sting,7,10
A Touch of Class,1,5
The Way We Were,2,6
Butterflies Are Free,1,3
Cabaret,8,10
The Candidate,1,2
A Christmas Carol,1,5
The Discreet Charm of the Bourgeoisie (Le charme discret de la bourgeoisie),1,2
The Godfather,3,4
Limelight,1,6
Marjoe,1,1
Norman Rockwell's World... An American Dream,1,1
The Poseidon Adventure,2,8
This Tiny World,1,1
Travels with My Aunt,1,4
Bedknobs and Broomsticks,1,5
The Crunch Bird,1,1
Fiddler on the Roof,3,8
The French Connection,5,8
The Garden of the Finzi-Continis (Il Giardino dei Finzi-Contini),1,2
The Hellstrom Chronicle,1,1
The Hospital,1,2
Klute,1,2
The Last Picture Show,2,8
Nicholas and Alexandra,2,6
Sentinels of Silence,2,2
Shaft,1,2
Summer of '42,1,4
Airport,1,10
Cromwell,1,2
Interviews with My Lai Veterans,1,1
Investigation of a Citizen Above Suspicion (Indagine su un cittadino al di sopra di ogni sospetto),1,2
Is It Always Right to Be Right?,1,1
Let It Be,1,1
Love Story,1,7
Lovers and Other Strangers,1,3
M*A*S*H,1,5
Patton,7,10
The Resurrection of Broncho Billy,1,1
Ryan's Daughter,2,4
Tora! Tora! Tora!,1,5
Women in Love,1,4
Woodstock,1,3
Anne of the Thousand Days,1,10
Arthur Rubinstein – The Love of Life (L'amour de la vie - Artur Rubinstein),1,1
Butch Cassidy and the Sundance Kid,4,7
Cactus Flower,1,1
Czechoslovakia 1968,1,1
"Hello, Dolly!",3,7
It's Tough to Be a Bird,1,1
The Magic Machines,1,2
Marooned,1,3
Midnight Cowboy,3,7
The Prime of Miss Jean Brodie,1,2
"They Shoot Horses, Don't They?",1,9
True Grit,1,2
Z,2,5
2001: A Space Odyssey,1,4
Bullitt,1,2
Charly,1,1
Funny Girl,1,8
Journey into Self,1,1
The Lion in Winter,3,7
Oliver!,6,11
Planet of the Apes,1,2
Robert Kennedy Remembered,1,1
Romeo and Juliet,2,4
Rosemary's Baby,1,2
The Subject Was Roses,1,2
The Thomas Crown Affair,1,2
War and Peace (Voyna i mir),1,2
Why Man Creates,1,1
Winnie the Pooh and the Blustery Day,1,1
A Place to Stand,1,2
The Anderson Platoon (La Section Anderson),1,1
Bonnie and Clyde,2,10
The Box,1,1
Camelot,3,5
Closely Watched Trains (Ostre sledované vlaky),1,1
Cool Hand Luke,1,4
The Dirty Dozen,1,4
Doctor Dolittle,2,9
The Graduate,1,7
Guess Who's Coming to Dinner,2,10
In the Heat of the Night,5,7
The Producers,1,2
The Redwoods,1,1
Thoroughly Modern Millie,1,7
A Herb Alpert and the Tijuana Brass Double Feature,1,1
Born Free,2,2
Fantastic Voyage,2,5
The Fortune Cookie,1,4
A Funny Thing Happened on the Way to the Forum,1,1
Grand Prix,3,3
A Man and a Woman,2,4
A Man for All Seasons,6,8
The War Game,1,1
Who's Afraid of Virginia Woolf?,5,13
Wild Wings,1,1
A Year Toward Tomorrow,1,1
Cat Ballou,1,5
The Chicken (Le Poulet),1,1
Darling,3,5
Doctor Zhivago,5,10
The Dot and the Line (The Dot and the Line: A Romance in Lower Mathematics),1,1
The Eleanor Roosevelt Story,1,1
The Great Race,1,5
A Patch of Blue,1,5
The Sandpiper,1,1
Ship of Fools,2,8
The Shop on Main Street (Obchod na korze),1,2
The Sound of Music,5,10
A Thousand Clowns,1,4
Thunderball,1,1
To Be Alive!,1,1
Becket,1,12
Casals Conducts: 1964,1,1
Father Goose,1,3
Goldfinger,1,1
Mary Poppins,5,13
My Fair Lady,8,12
The Night of the Iguana,1,4
Nine from Little Rock,1,1
The Pink Phink,1,1
Topkapi,1,1
World Without Sun (Le Monde sans soleil),1,1
"Yesterday, Today and Tomorrow (Ieri, oggi, domani)",1,1
Zorba the Greek (Alexis Zorbas),3,7
America America,1,4
Chagall,1,1
Cleopatra,4,9
The Critic,1,1
Federico Fellini's 8½,2,5
How the West Was Won,3,8
Hud,3,7
Irma la Douce,1,3
"It's a Mad, Mad, Mad, Mad World",1,6
Lilies of the Field,1,5
An Occurrence at Owl Creek Bridge,1,8
Papa's Delicate Condition,1,1
Robert Frost: A Lover's Quarrel with the World,1,1
Tom Jones,4,10
The V.I.P.s,1,1
Black Fox: The Rise and Fall of Adolf Hitler (The Black Fox),1,1
Days of Wine and Roses,1,5
Divorce Italian Style,1,3
Dylan Thomas,1,1
Happy Anniversary (Heureux Anniversaire),1,1
The Hole,1,1
Lawrence of Arabia,7,10
The Longest Day,2,5
The Miracle Worker,2,5
The Music Man,1,6
Sundays and Cybele (Le Dimanches de Ville d'Avray),1,3
Sweet Bird of Youth,1,3
To Kill a Mockingbird,3,8
What Ever Happened to Baby Jane?,1,5
The Wonderful World of the Brothers Grimm,1,4
A Force in Readiness,1,0
Breakfast at Tiffany's,2,5
La Dolce Vita,1,4
The Guns of Navarone,1,7
The Hustler,2,9
Judgment at Nuremberg,2,11
Project Hope,1,1
Seawards the Great Ships,1,1
Sky Above and Mud Beneath (Le Ciel et la boue),1,1
Splendor in the Grass,1,2
The Substitute,1,1
Through a Glass Darkly (Såsom i en spegel),1,2
Two Women (La Ciociara),1,1
West Side Story,10,11
The Alamo,1,7
The Apartment,5,10
BUtterfield 8,1,2
Day of the Painter,1,1
Elmer Gantry,3,5
Exodus,1,3
The Facts of Life,1,5
Giuseppina,1,1
The Horse with the Flying Tail,1,1
Munro,1,1
Never on Sunday (Pote tin Kyriaki),1,5
Pollyanna,1,0
Song Without End,1,1
Sons and Lovers,1,7
Spartacus,4,6
The Time Machine,1,1
The Virgin Spring (Jungfrukällan),1,2
Ben-Hur,11,12
Black Orpheus (Orfeu Negro),1,1
The Diary of Anne Frank,3,8
Glass (Glas),1,1
The Golden Fish (Histoire d'un poisson rouge),1,1
A Hole in the Head,1,1
Moonbird,1,1
Pillow Talk,1,5
Porgy and Bess,1,4
Room at the Top,2,6
Serengeti Shall Not Die (Serengeti darf nicht sterben),1,1
Some Like It Hot,1,6
Ama Girls,1,1
The Big Country,1,2
The Defiant Ones,2,9
Gigi,9,9
Grand Canyon,1,1
I Want to Live!,1,6
Knighty Knight Bugs,1,1
My Uncle (Mon oncle),1,1
The Old Man and the Sea,1,3
Separate Tables,2,7
South Pacific,1,3
tom thumb,1,1
White Wilderness,1,2
Albert Schweitzer,1,1
Birds Anonymous,1,1
The Bridge on the River Kwai,7,8
Designing Woman,1,1
The Enemy Below,1,1
The Joker Is Wild,1,1
Les Girls,1,3
Nights of Cabiria (Le Notti di Cabiria),1,1
Sayonara,4,10
The Three Faces of Eve,1,1
The Wetback Hound,1,1
Anastasia,1,2
Around the World in 80 Days,5,8
The Bespoke Overcoat,1,1
The Brave One,1,3
Crashing the Water Barrier,1,1
Giant,1,10
The King and I,5,9
Lust for Life,1,4
Magoo's Puddle Jumper,1,1
The Man Who Knew Too Much,1,1
The Red Balloon (Le ballon rouge),1,1
The Silent World (Le Monde du silence),1,1
The Solid Gold Cadillac,1,2
Somebody Up There Likes Me,2,3
La Strada (The Road),1,2
The Ten Commandments,1,7
The True Story of the Civil War,1,1
Written on the Wind,1,3
The Bridges at Toko-Ri,1,2
East of Eden,1,4
The Face of Lincoln,1,2
Helen Keller in Her Story (The Unconquered),1,1
I'll Cry Tomorrow,1,4
Interrupted Melody,1,3
Love Is a Many-Splendored Thing,3,8
Love Me or Leave Me,1,6
Marty,4,8
Men Against the Arctic,1,1
Mister Roberts,1,3
Oklahoma!,2,4
Picnic,2,6
The Rose Tattoo,3,8
Samurai I: Musashi Miyamoto (Miyamoto Musashi),1,0
Speedy Gonzales,1,1
Survival City,1,1
To Catch a Thief,1,3
"20,000 Leagues Under the Sea",2,3
The Barefoot Contessa,1,2
Broken Lance,1,2
The Country Girl,2,7
Gate of Hell (Jigokumon),2,1
The Glenn Miller Story,1,3
The High and the Mighty,1,6
The Little Kidnappers (The Kidnappers),2,0
On the Waterfront,8,12
Sabrina,1,6
Seven Brides for Seven Brothers,1,5
This Mechanical Age,1,1
Three Coins in the Fountain,2,3
Thursday's Children,1,1
A Time Out of War,1,1
The Vanishing Prairie,1,1
When Magoo Flew,1,1
The Alaskan Eskimo,1,1
Bear Country,1,1
Calamity Jane,1,3
Call Me Madam,1,2
From Here to Eternity,8,13
Julius Caesar,1,5
Lili,1,6
The Living Desert,1,1
Overture to The Merry Wives of Windsor,1,1
The Robe,2,5
Roman Holiday,3,10
Shane,1,6
Stalag 17,1,3
Titanic,1,2
"Toot, Whistle, Plunk and Boom",1,1
The War of the Worlds,1,3
The Bad and the Beautiful,5,6
Breaking the Sound Barrier,1,2
"Come Back, Little Sheba",1,3
Forbidden Games,1,1
The Greatest Show on Earth,2,5
High Noon,4,7
Johann Mouse,1,1
The Lavender Hill Mob,1,2
Light in the Window,1,1
Moulin Rouge,2,7
Neighbours,1,2
Plymouth Adventure,1,1
The Quiet Man,2,7
The Sea Around Us,1,1
Viva Zapata!,1,5
Water Birds,1,1
With a Song in My Heart,1,5
The African Queen,1,4
An American in Paris,6,8
Benjy,1,1
The Great Caruso,1,3
Here Comes the Groom,1,2
Nature's Half Acre,1,1
A Place in the Sun,6,9
Rashomon,1,1
Seven Days to Noon,1,1
A Streetcar Named Desire,4,12
The Two Mouseketeers,1,1
When Worlds Collide,1,2
World of Kids,1,1
All About Eve,6,14
Annie Get Your Gun,1,4
Born Yesterday,1,5
"Captain Carey, U.S.A.",1,1
Cyrano de Bergerac,1,1
Destination Moon,1,2
Gerald McBoing-Boing,1,1
Grandad of Races,1,1
Harvey,1,2
In Beaver Valley,1,1
King Solomon's Mines,2,3
Kon-Tiki,1,1
Panic in the Streets,1,1
Samson and Delilah,2,5
Sunset Boulevard,3,11
The Third Man,1,3
The Titan: Story of Michelangelo,1,1
The Walls of Malapaga,1,0
Why Korea?,1,1
Adventures of Don Juan,1,2
All the King's Men,3,7
Aquatic House Party,1,1
Battleground,2,6
Bicycle Thieves,1,1
Champion,1,6
A Chance to Live,1,1
Daybreak in Udi,1,1
For Scent-imental Reasons,1,1
The Heiress,4,8
A Letter to Three Wives,2,3
Little Women,1,2
Mighty Joe Young,1,1
Neptune's Daughter,1,1
On the Town,1,1
She Wore a Yellow Ribbon,1,1
So Much for So Little,1,1
The Stratton Story,1,1
Twelve O'Clock High,2,4
Van Gogh,1,1
Bill and Coo,1,0
Easter Parade,1,1
Hamlet,4,7
Joan of Arc,3,7
Johnny Belinda,1,12
Key Largo,1,1
The Little Orphan,1,1
Monsieur Vincent,1,0
The Naked City,2,3
The Paleface,1,1
Portrait of Jennie,1,2
The Red Shoes,2,5
Seal Island,1,1
The Search,2,4
The Secret Land,1,1
The Snake Pit,1,6
Symphony of a City,1,1
Toward Independence,1,1
The Treasure of the Sierra Madre,3,4
The Bachelor and the Bobby-Soxer,1,1
The Bishop's Wife,1,5
Black Narcissus,2,2
Body and Soul,1,3
Climbing the Matterhorn,1,1
Design for Death,1,1
A Double Life,2,4
The Farmer's Daughter,1,2
First Steps,1,1
Gentleman's Agreement,3,8
"Goodbye, Miss Turlock",1,1
Great Expectations,2,5
Green Dolphin Street,1,4
Miracle on 34th Street,3,4
Mother Wore Tights,1,3
Shoeshine (Sciuscià),1,1
Song of the South,2,2
Tweetie Pie,1,1
Anna and the King of Siam,2,5
The Best Years of Our Lives,8,8
Blithe Spirit,1,1
A Boy and His Dog,1,1
The Cat Concerto,1,1
Facing Your Danger,1,1
The Harvey Girls,1,2
Henry V,1,4
The Jolson Story,2,6
The Razor's Edge,1,4
Seeds of Destiny,1,1
The Seventh Veil,1,1
The Yearling,2,7
To Each His Own,1,2
Vacation from Marriage (UK title Perfect Strangers),1,1
Anchors Aweigh,1,5
The Bells of St. Mary's,1,8
Blood on the Sun,1,1
Frenchman's Creek,1,1
Hitler Lives,1,1
The House I Live In,1,0
The House on 92nd Street,1,1
Leave Her to Heaven,1,4
The Lost Weekend,4,7
Marie-Louise,1,1
Mildred Pierce,1,6
National Velvet,2,5
The Picture of Dorian Gray,1,3
Quiet Please!,1,1
Spellbound,1,6
Stairway to Light,1,1
Star in the Night,1,1
State Fair,1,2
A Tree Grows in Brooklyn,1,2
The True Glory,1,1
Wonder Man,1,4
Cover Girl,1,5
The Fighting Lady,1,1
Gaslight,2,7
Going My Way,7,10
I Won't Play,1,1
Laura,1,5
Mouse Trouble,1,1
None But the Lonely Heart,1,4
Since You Went Away,1,9
Thirty Seconds Over Tokyo,1,2
Who's Who in Animal Land,1,1
Wilson,5,10
With the Marines at Tarawa,1,1
Air Force,1,4
Amphibious Fighters,1,1
Casablanca,3,8
Crash Dive,1,1
December 7th,1,1
Desert Victory,1,1
For Whom the Bell Tolls,1,9
Heavenly Music,1,1
"Hello, Frisco, Hello",1,2
The Human Comedy,1,5
The More the Merrier,1,6
Phantom of the Opera,2,4
Princess O'Rourke,1,1
The Song of Bernadette,4,12
This Is the Army,1,3
This Land Is Mine,1,1
Watch on the Rhine,1,4
The Yankee Doodle Mouse,1,1
Beyond the Line of Duty,1,1
The Black Swan,1,3
Der Fuehrer's Face,1,1
Holiday Inn,1,3
In Which We Serve,1,2
The Invaders,1,3
Johnny Eager,1,1
Kokoda Front Line!,1,1
Moscow Strikes Back,1,1
Mrs. Miniver,6,12
"Now, Voyager",1,3
Prelude to War,1,1
The Pride of the Yankees,1,11
Reap the Wild Wind,1,3
Speaking of Animals and Their Families,1,1
The Battle of Midway,1,1
This Above All,1,4
Woman of the Year,1,2
Yankee Doodle Dandy,3,8
All That Money Can Buy,1,2
Blood and Sand,1,2
Blossoms in the Dust,1,4
Churchill's Island,1,1
Citizen Kane,1,9
Dumbo,1,2
The Great Lie,1,1
Here Comes Mr. Jordan,2,7
How Green Was My Valley,5,10
I Wanted Wings,1,1
Kukan,1,0
Lady Be Good,1,1
Lend a Paw,1,1
Main Street on the March!,1,1
Of Pups and Puzzles,1,1
Sergeant York,2,11
Suspicion,1,3
Target for Tonight,1,0
That Hamilton Woman,1,4
"Arise, My Love",1,4
Fantasia,2,0
The Grapes of Wrath,2,7
The Great McGinty,1,1
Kitty Foyle (Kitty Foyle: The Natural History of a Woman),1,5
The Milky Way,1,1
North West Mounted Police,1,5
The Philadelphia Story,2,6
Pinocchio,2,2
Pride and Prejudice,1,1
Quicker'n a Wink,1,1
Rebecca,2,11
Strike Up the Band,1,3
"Teddy, the Rough Rider",1,1
The Thief of Bagdad,3,4
Tin Pan Alley,1,1
The Westerner,1,3
Busy Little Bears,1,1
Gone with the Wind,10,13
"Goodbye, Mr. Chips",1,7
Mr. Smith Goes to Washington,1,11
The Rains Came,1,9
Sons of Liberty,1,1
Stagecoach,2,7
The Ugly Duckling,1,1
When Tomorrow Comes,1,1
The Wizard of Oz,2,11
Wuthering Heights,1,8
The Adventures of Robin Hood,3,4
Alexander's Ragtime Band,1,6
The Big Broadcast of 1938,1,1
Boys Town,2,5
The Cowboy and the Lady,1,3
Declaration of Independence,1,1
Ferdinand the Bull,1,1
Jezebel,2,5
Kentucky,1,1
Pygmalion,1,4
Spawn of the North,1,0
Sweethearts,1,2
That Mothers Might Live,1,1
The Great Waltz,1,3
You Can't Take It with You,2,7
The Awful Truth,1,6
Captains Courageous,1,4
A Damsel in Distress,1,2
The Good Earth,2,5
The Hurricane,1,3
In Old Chicago,2,6
The Life of Emile Zola,3,10
Lost Horizon,2,7
The Old Mill,1,1
One Hundred Men and a Girl,1,5
Penny Wisdom,1,1
The Private Life of the Gannets,1,1
Snow White and the Seven Dwarfs,1,1
A Star Is Born,2,7
Torture Money,1,1
Waikiki Wedding,1,2
Anthony Adverse,4,7
Bored of Education,1,1
The Charge of the Light Brigade,1,3
Come and Get It,1,2
The Country Cousin,1,1
Dodsworth,1,7
The Garden of Allah,1,2
Give Me Liberty,1,1
The Great Ziegfeld,3,7
Mr. Deeds Goes to Town,1,5
The Public Pays,1,1
San Francisco,1,6
The Story of Louis Pasteur,3,4
Swing Time,1,2
Broadway Melody of 1936,1,3
Dangerous,1,1
The Dark Angel,1,3
Folies Bergere,1,1
Gold Diggers of 1935,1,2
How to Sleep,1,1
The Informer,4,6
The Lives of a Bengal Lancer,1,7
A Midsummer Night's Dream,2,7
Mutiny on the Bounty,1,8
Naughty Marietta,1,2
The Scoundrel,1,1
Three Orphan Kittens,1,1
Wings Over Everest,1,1
City of Wax,1,1
Cleopatra,1,5
La Cucaracha,1,1
Eskimo,1,1
The Gay Divorcee,1,5
It Happened One Night,5,5
Manhattan Melodrama,1,1
The Merry Widow,1,1
One Night of Love,2,6
The Tortoise and the Hare,1,1
Viva Villa!,1,4
Cavalcade,3,4
A Farewell to Arms,2,4
Krakatoa,1,1
Little Women,1,3
Morning Glory,1,1
One Way Passage,1,1
The Private Life of Henry VIII,1,2
So This Is Harris!,1,1
Three Little Pigs,1,1
Bad Girl,2,3
The Champ,2,4
Dr. Jekyll and Mr. Hyde,1,3
Flowers and Trees,1,1
Grand Hotel,1,1
The Music Box,1,1
Shanghai Express,1,3
The Sin of Madelon Claudet,1,1
Transatlantic,1,1
Wrestling Swordfish,1,1
Cimarron,3,7
The Dawn Patrol,1,1
A Free Soul,1,3
Min and Bill,1,1
Skippy,1,4
Tabu,1,1
All Quiet on the Western Front,2,4
The Big House,2,4
Disraeli,1,3
The Divorcee,1,4
King of Jazz,1,1
With Byrd at the South Pole,1,1
The Bridge of San Luis Rey,1,1
The Broadway Melody,1,3
Coquette,1,1
The Divine Lady,1,3
In Old Arizona,1,5
The Patriot,1,5
White Shadows in the South Seas,1,1
7th Heaven,3,5
The Circus,1,0
The Dove,1,1
The Jazz Singer,1,1
The Last Command,1,2
Street Angel,1,3
Sunrise,3,10
Tempest,1,1
Two Arabian Knights,1,1
Underworld,1,1
The Way of All Flesh,1,1
Wings,2,2